{"cameraMode":{"drawMode":0,"name":"Shaded","section":"Shading Mode"},"sceneLighting":true,"audioPlay":false,"sceneViewState":{"showFog":true,"showMaterialUpdate":false,"showSkybox":true,"showFlares":true,"showImageEffects":true,"showParticleSystems":true},"in2DMode":false,"pivot":{"x":198.1064910888672,"y":116.07157897949219,"z":-0.08212865889072418},"rotation":{"x":0.0026904272381216289,"y":-0.0024025999009609224,"z":-0.000006410083187802229,"w":-0.9999940991401672},"size":240.57810974121095,"orthographic":false}