{"cameraMode":{"drawMode":0,"name":"Shaded","section":"Shading Mode"},"sceneLighting":true,"audioPlay":false,"sceneViewState":{"showFog":true,"showMaterialUpdate":false,"showSkybox":true,"showFlares":true,"showImageEffects":true,"showParticleSystems":true},"in2DMode":false,"pivot":{"x":323.2273864746094,"y":213.58316040039063,"z":67.60223388671875},"rotation":{"x":0.02218347042798996,"y":0.02159041166305542,"z":0.00047923382953740656,"w":-0.9995213747024536},"size":547.3372192382813,"orthographic":false}